{"dust": {"temp": {"mean": [23.587074011797085, 23.6525553901447, 21.74566435581073, 22.46784977533389, 21.97294796461938, 23.023543912917376, 22.15254323167028, 22.948443690431304, 21.083537500700913, 20.92683577450225, 21.638349654735066, 21.73400119820144, 20.319334877305664, 20.419275325140916, 19.584702723426744, 19.124338994384743, 19.60918874433264, 20.109495901560877, 20.10615384974517, 21.686720993719064, 20.160491552902386, 19.00565728615038, 18.092750420677476, 17.52482583594974, 17.284515992098022, 17.70864484226331, 18.948968617012724, 21.451679342309944, 21.278833541553468, 20.24445361283142, 19.878892651642673, 20.419952737749554, 18.829177912441082, 19.62263309257105, 19.88432183972327, 19.689548357622698, 22.19099326734431, 20.76402212982066, 21.426375638344325, 20.87265678087715, 21.287592899403535, 23.125049311493058, 21.50922750547761, 22.770457379403524, 22.262796920957044, 22.944716344354674, 23.839792770682834, 23.664849227527156], "sigma": [3.831268903269467, 4.3179432975875995, 2.8559187370824572, 2.9611310440698766, 1.633886989988023, 3.1473644030142993, 2.231822134308668, 2.724111300092296, 2.294327083507381, 1.684338737995205, 1.5875913109472226, 1.2676794261428734, 0.09073494320455258, 0.4586230283376777, 0.3491056930147404, 0.3055900472146259, 0.6587297808184198, 1.181787349242845, 0.5201960772749155, 0.719504703507292, 0.020122888747345184, 0.03815554864821639, 0.01581720288425075, 0.018216629807810084, 0.04927899046197548, 0.03989998328534109, 0.026552222479335304, 0.03701002679284298, 0.6974991384628927, 0.4354406969857784, 0.34071838017297074, 0.6490244124517776, 0.08184588973277133, 0.49038715515657977, 0.22356119991520035, 0.2540514605752041, 2.1308762772430714, 1.0713621294674571, 1.363700407196636, 0.8319450413428869, 1.2418179741944693, 2.9530971469029343, 1.2581486408864675, 2.7967530832747403, 3.413062590229836, 3.105971274161226, 3.9516994576786266, 4.503963151750378]}, "beta": {"mean": [1.5557490046703606, 1.5662319227994885, 1.51240532315569, 1.5306078333160258, 1.5390625351137714, 1.554241637859377, 1.5492282644772786, 1.5586920675414149, 1.5084390070696827, 1.4919464374470408, 1.4961216792507912, 1.5237177281960612, 1.5645522301711026, 1.5419332980600302, 1.5411138273739198, 1.5599189636559458, 1.5181535595620517, 1.5032045009575086, 1.5151527608759352, 1.5292636333106202, 1.6041303339370643, 1.573849515109032, 1.5449572710349457, 1.5616822312294971, 1.5475501069886377, 1.52886789375043, 1.5515914776551654, 1.5716511975915637, 1.544593992184673, 1.5215019362149178, 1.5118261935640476, 1.4992629545231466, 1.568219984328607, 1.5416899010597263, 1.5231043768435484, 1.544677638252324, 1.5206870116453501, 1.4748812183970585, 1.4795987480611075, 1.5324118036296568, 1.5310851250833366, 1.5647984182141954, 1.5436241342540598, 1.5577848243847257, 1.5095244847179856, 1.5241973191441502, 1.5635511133514228, 1.5622222205565777], "sigma": [0.005894962369368406, 0.006341220569637348, 0.0057321149208941, 0.00567096235171551, 0.003369238583266185, 0.005234545769241617, 0.003827127227203037, 0.004603744224078669, 0.005356568382113717, 0.004158517029302342, 0.0034993567733026575, 0.0028969767983137644, 0.00027830872399163954, 0.0012126743020725158, 0.0008820902258770439, 0.0009179790282500505, 0.002058698181183893, 0.0033009775622762218, 0.001533865559487712, 0.0015984133607392637, 8.009045374239816e-05, 0.00014495947599731226, 7.397472195716187e-05, 0.00010741325907303441, 0.0002683334082864495, 0.0001861327423225003, 0.00010267394282680104, 0.00010944755312032108, 0.0017575283428213774, 0.0012454535318006433, 0.0010315455522408278, 0.0017881920444345288, 0.0003351624757387613, 0.0013457109265386873, 0.000574753067491151, 0.0008472448484625485, 0.0039561883256282035, 0.002774372392096113, 0.003072806122683479, 0.0020402733976463954, 0.0029058418098484215, 0.0047400798265092685, 0.0023835654607377555, 0.004826509487387785, 0.006071038239133655, 0.005326522995478465, 0.00596779879019098, 0.006548741024140093]}}, "sync": {"beta": {"mean": [-3.007766929527861, -3.0000682842946844, -2.983065908541903, -3.0190907114592846, -2.986706187526579, -3.0255996018095175, -3.01953829084232, -2.987374917996931, -2.9536875441262964, -2.9704734624829143, -3.016247799707344, -3.0447615595767274, -3.030947324441513, -3.003484263070277, -3.0205121287872316, -2.9193934187933337, -3.004141967423493, -2.95877636091609, -2.9764548219827702, -3.077458070416469, -3.1261526927846717, -3.0000076144642662, -2.9108610657131067, -2.9635321513778763, -3.012786233011866, -3.00101732116309, -2.9992876347969286, -3.066511230863398, -3.036119784170296, -3.0273600368382176, -2.974672192474827, -2.947527909083874, -3.0080949688272085, -3.005951287908829, -3.024354084787774, -3.046954840203398, -3.0526196276623523, -2.948355057829758, -2.967132722857059, -2.9598961512965616, -2.9174072372115916, -2.9765647644089768, -3.0105744927132037, -3.002052461830317, -3.001217345969053, -2.9777769973297836, -2.9681702405796386, -3.061374304772471], "sigma": [0.0047691016044636185, 0.0031995708701215327, 0.0002955699755322304, 0.0060155021478311525, 0.03304359393949186, 0.0024614054078643264, 0.030577456128539356, 0.01984784442844477, 0.01660480275115273, 0.004381113732794254, 0.008260977118993644, 0.00014910840946430422, 0.004204511876373824, 0.03263018278793339, 0.0008392946217375167, 0.00017949245494614294, 0.03853977554320998, 8.59782704492453e-05, 0.0012539242158312914, 0.01608114435126154, 0.013747985184192672, 0.015964061823269204, 5.541732210452943e-05, 0.0013492322024248446, 0.0006796192212411924, 0.0004051740449232917, 0.009375905255489137, 0.002568904087856332, 0.002870998680009847, 0.014121602843697338, 0.010121953992140588, 0.017105036458593154, 0.0003784699684367841, 0.0014983441229154738, 0.0013654775717412348, 0.00024212953911124433, 0.0009956671447443424, 0.00011128294632684692, 0.0007499575137183594, 0.028056205505849943, 6.893157166384896e-05, 0.006852869775103746, 0.11433729543898109, 0.012895329956144681, 0.0005666221829150497, 3.4824146241784894e-05, 0.002881503033641563, 0.016554479950725225]}}}